url,label
https://fastapi.tiangolo.com/docs,benign
http://microsoft-account-verify.com/secure,malicious
https://www.python.org/docs,benign
http://google-security-check.com,malicious
https://numpy.org/docs,benign
https://google.com/docs,benign
http://gmail-login-security.com,malicious
https://fastapi.tiangolo.com/login,benign
http://github-security-check.com/verify,malicious
http://microsoft-account-secure.com/verify,malicious
https://tensorflow.org/docs,benign
http://amazon-verify-account.com/secure,malicious
https://stackoverflow.com/questions/123456/login,benign
https://angular.io/docs,benign
https://www.reddit.com,benign
https://developer.mozilla.org,benign
http://secure-login-facebook.com/verify,malicious
https://pandas.pydata.org/login,benign
https://redis.io/login,benign
http://apple-account-verify.com/secure,malicious
http://stackexchange-secure.com/secure,malicious
https://github.com/microsoft/vscode,benign
http://paypal-security.com,malicious
https://www.bbc.com/docs,benign
https://stackoverflow.com/login,benign
http://bank-america-online.com/verify,malicious
https://mail.google.com/docs,benign
https://www.docker.com,benign
http://amazon-security-check.com/verify,malicious
https://pandas.pydata.org/docs,benign
https://arstechnica.com/login,benign
https://scikit-learn.org/login,benign
http://github-login-verify.com/secure,malicious
http://windows-security-update.com/verify,malicious
https://reactjs.org,benign
http://windows-security-update.com,malicious
https://redis.io,benign
https://www.w3.org/login,benign
https://developer.mozilla.org/docs,benign
https://keras.io/login,benign
https://reactjs.org/login,benign
https://www.postgresql.org/login,benign
http://wellsfargo-online-login.com/verify,malicious
http://twitter-security.com,malicious
https://docs.python.org/login,benign
http://paypal-billing-secure.com/secure,malicious
https://pandas.pydata.org,benign
https://aws.amazon.com/login,benign
http://linkedin-login-verify.com,malicious
https://www.nytimes.com/docs,benign
https://www.python.org/login,benign
https://www.wired.com/login,benign
http://secure-login-facebook.com,malicious
https://redis.io/docs,benign
https://dev.mysql.com/login,benign
https://kubernetes.io/docs,benign
https://angular.io,benign
http://gmail-account-security.com/secure,malicious
https://tensorflow.org,benign
http://facebook-secure-login.com/verify,malicious
http://twitter-security.com/verify,malicious
http://github-verify-login.com/verify,malicious
http://microsoft-account-secure.com/secure,malicious
http://stackexchange-secure.com,malicious
http://twitter-secure-login.com/secure,malicious
https://www.tensorflow.org/docs,benign
http://amazon-security-check.com,malicious
https://aws.amazon.com,benign
https://www.google.com/search/login,benign
https://stackoverflow.com/questions/123456/docs,benign
http://apple-account-verify.com,malicious
http://wellsfargo-online-login.com,malicious
http://amazon-payment-verify.com,malicious
https://caniuse.com,benign
https://www.linode.com/docs,benign
https://developer.mozilla.org/login,benign
http://apple-id-verify.com,malicious
http://stackoverflow-login.com/secure,malicious
https://vuejs.org/docs,benign
http://chaseonline-secure.com/verify,malicious
http://citibank-online-login.com/secure,malicious
https://nodejs.org,benign
https://www.linode.com,benign
https://www.mongodb.com/login,benign
http://bank-america-online.com/secure,malicious
http://windows-security-update.com/secure,malicious
https://www.google.com/search,benign
https://www.theverge.com/login,benign
http://microsoft-security-update.com/verify,malicious
https://github.com/torvalds/linux/docs,benign
https://caniuse.com/docs,benign
https://www.djangoproject.com/login,benign
http://stackoverflow-secure.com/verify,malicious
https://reactjs.org/docs,benign
https://www.nginx.org/docs,benign
http://linkedin-account-security.com,malicious
https://scikit-learn.org,benign
https://cloud.google.com/docs,benign
http://linkedin-login-verify.com/secure,malicious
https://www.wired.com,benign
https://news.ycombinator.com,benign
https://mail.google.com,benign
http://linkedin-account-security.com/secure,malicious
http://icloud-security-check.com,malicious
http://x-security-verify.com,malicious
https://azure.microsoft.com/login,benign
https://techcrunch.com/docs,benign
https://github.com/microsoft/vscode/login,benign
http://x-security-verify.com/verify,malicious
http://icloud-login-security.com/verify,malicious
http://amazon-payment-verify.com/verify,malicious
https://azure.microsoft.com/docs,benign
https://dev.mysql.com/docs,benign
http://x-account-verify.com/verify,malicious
https://aws.amazon.com/docs,benign
https://dev.mysql.com,benign
http://paypal-billing-secure.com,malicious
https://pytorch.org/login,benign
https://www.mongodb.com,benign
https://kubernetes.io/login,benign
http://chase-bank-login.com/verify,malicious
https://pytorch.org/docs,benign
http://linkedin-security-check.com/secure,malicious
https://stackoverflow.com,benign
http://gmail-account-security.com,malicious
http://chaseonline-secure.com,malicious
https://flask.palletsprojects.com/login,benign
https://www.postgresql.org/docs,benign
https://numpy.org,benign
http://bank-of-america-secure.com/verify,malicious
http://citibank-online-login.com/verify,malicious
http://github-security-check.com/secure,malicious
https://www.linode.com/login,benign
https://www.google.com/search/docs,benign
https://techcrunch.com,benign
http://github-account-security.com,malicious
http://twitter-secure-login.com/verify,malicious
https://medium.com/login,benign
http://google-account-secure.com/secure,malicious
http://wells-fargo-security.com/secure,malicious
http://chaseonline-secure.com/secure,malicious
http://gmail-login-security.com/verify,malicious
https://tensorflow.org/login,benign
https://azure.microsoft.com,benign
http://gmail-account-security.com/verify,malicious
https://www.mongodb.com/docs,benign
https://docs.python.org,benign
http://facebook-secure-login.com/secure,malicious
https://flask.palletsprojects.com,benign
http://google-security-check.com/verify,malicious
http://citibank-online-login.com,malicious
https://news.ycombinator.com/docs,benign
http://icloud-login-security.com/secure,malicious
http://x-account-verify.com,malicious
http://github-account-security.com/verify,malicious
https://www.nytimes.com/login,benign
https://keras.io,benign
http://linkedin-verify-account.com,malicious
http://stackexchange-login.com/secure,malicious
http://secure-paypal-login.com/verify,malicious
https://www.reddit.com/login,benign
http://stackexchange-secure.com/verify,malicious
http://google-account-secure.com/verify,malicious
http://microsoft-account-secure.com,malicious
http://secure-paypal-login.com/secure,malicious
http://linkedin-account-security.com/verify,malicious
https://www.nytimes.com,benign
http://citibank-secure-login.com,malicious
https://angular.io/login,benign
https://www.nginx.org,benign
https://scikit-learn.org/docs,benign
https://www.docker.com/docs,benign
https://nodejs.org/docs,benign
https://www.docker.com/login,benign
http://stackoverflow-login.com,malicious
https://pypi.org/login,benign
http://icloud-security-check.com/secure,malicious
http://facebook-secure-login.com,malicious
http://stackoverflow-secure.com,malicious
http://github-verify-login.com/secure,malicious
https://cloud.google.com/login,benign
https://arstechnica.com,benign
http://linkedin-verify-account.com/verify,malicious
https://pypi.org/docs,benign
http://microsoft-account-verify.com,malicious
https://www.djangoproject.com,benign
http://bank-america-online.com,malicious
http://google-account-secure.com,malicious
https://pytorch.org,benign
https://kubernetes.io,benign
http://gmail-login-security.com/secure,malicious
http://wells-fargo-security.com,malicious
http://google-security-check.com/secure,malicious
http://github-security-check.com,malicious
http://twitter-security.com/secure,malicious
http://secure-paypal-login.com,malicious
http://linkedin-verify-account.com/secure,malicious
https://www.python.org,benign
http://apple-id-verify.com/verify,malicious
https://www.reddit.com/docs,benign
https://github.com/login,benign
https://matplotlib.org/login,benign
https://github.com/microsoft/vscode/docs,benign
https://caniuse.com/login,benign
https://nodejs.org/login,benign
https://www.bbc.com/login,benign
https://www.postgresql.org,benign
http://stackexchange-login.com,malicious
http://github-login-verify.com/verify,malicious
https://vuejs.org/login,benign
http://citibank-secure-login.com/secure,malicious
https://docs.python.org/docs,benign
http://paypal-security.com/verify,malicious
https://pypi.org,benign
http://paypal-security.com/secure,malicious
http://twitter-secure-login.com,malicious
http://microsoft-account-verify.com/verify,malicious
https://fastapi.tiangolo.com,benign
https://stackoverflow.com/questions/123456,benign
http://microsoft-security-update.com,malicious
https://www.wired.com/docs,benign
https://keras.io/docs,benign
https://www.theverge.com,benign
http://amazon-verify-account.com/verify,malicious
http://icloud-login-security.com,malicious
https://cloud.google.com,benign
https://google.com/login,benign
https://matplotlib.org/docs,benign
http://bank-of-america-secure.com,malicious
https://google.com,benign
http://chase-bank-login.com,malicious
https://github.com/torvalds/linux,benign
http://github-verify-login.com,malicious
https://stackoverflow.com/docs,benign
https://arstechnica.com/docs,benign
https://github.com/torvalds/linux/login,benign
https://github.com,benign
http://secure-login-facebook.com/secure,malicious
https://www.tensorflow.org,benign
http://x-account-verify.com/secure,malicious
https://www.bbc.com,benign
http://bank-of-america-secure.com/secure,malicious
http://linkedin-security-check.com/verify,malicious
https://vuejs.org,benign
http://stackexchange-login.com/verify,malicious
http://wells-fargo-security.com/verify,malicious
https://numpy.org/login,benign
https://www.nginx.org/login,benign
https://www.w3.org/docs,benign
https://news.ycombinator.com/login,benign
http://apple-id-verify.com/secure,malicious
http://chase-bank-login.com/secure,malicious
https://matplotlib.org,benign
http://amazon-security-check.com/secure,malicious
http://linkedin-security-check.com,malicious
https://www.theverge.com/docs,benign
http://linkedin-login-verify.com/verify,malicious
http://citibank-secure-login.com/verify,malicious
http://github-login-verify.com,malicious
http://wellsfargo-online-login.com/secure,malicious
https://www.tensorflow.org/login,benign
https://mail.google.com/login,benign
http://stackoverflow-secure.com/secure,malicious
http://amazon-payment-verify.com/secure,malicious
http://microsoft-security-update.com/secure,malicious
http://icloud-security-check.com/verify,malicious
https://techcrunch.com/login,benign
https://github.com/docs,benign
http://stackoverflow-login.com/verify,malicious
http://apple-account-verify.com/verify,malicious
https://medium.com/docs,benign
https://medium.com,benign
http://x-security-verify.com/secure,malicious
https://www.djangoproject.com/docs,benign
https://www.w3.org,benign
http://paypal-billing-secure.com/verify,malicious
http://amazon-verify-account.com,malicious
https://flask.palletsprojects.com/docs,benign
http://github-account-security.com/secure,malicious
